{"loss": [0.3361304824007675, 0.025329492084455448, 0.01838479889132007, 0.0029341249270490497, 0.0003003708453458809], "auc": [0.9250097311271215, 0.998981444760247, 0.9984944293887383, 0.9999967868919881, 1.0], "valid_loss": [0.15090282261371613, 0.0006983857019804418, 0.0004974922630935907, 0.0003638860071077943, 0.00033396732760593295], "valid_auc": [0.9995910172516359, 1.0, 1.0, 1.0, 1.0]}